Date and Time (UTC),Date,Receiver,Transmitter,Transmitter Name,Transmitter Serial,Sensor Value,Sensor Unit,Station Name,Latitude,Longitude
5/5/22 1:48,5/5/22,VR2W-137351,A69-1602-52904,,,,,13,,
5/5/22 1:50,5/5/22,VR2W-137351,A69-1602-52904,,,,,13,,
5/5/22 1:52,5/5/22,VR2W-137351,A69-1602-52904,,,,,13,,
5/5/22 1:54,5/5/22,VR2W-137351,A69-1602-52904,,,,,13,,
5/5/22 1:55,5/5/22,VR2W-137351,A69-1602-52904,,,,,13,,
5/5/22 1:55,5/5/22,VR2W-137351,A69-1602-52904,,,,,13,,
5/5/22 1:56,5/5/22,VR2W-137351,A69-1602-52904,,,,,13,,
5/5/22 1:57,5/5/22,VR2W-137351,A69-1602-52904,,,,,13,,
5/5/22 1:58,5/5/22,VR2W-137351,A69-1602-52904,,,,,13,,
5/5/22 1:59,5/5/22,VR2W-137351,A69-1602-52904,,,,,13,,
5/5/22 2:00,5/5/22,VR2W-137351,A69-1602-52904,,,,,13,,
5/5/22 2:00,5/5/22,VR2W-137351,A69-1602-52904,,,,,13,,
5/5/22 2:01,5/5/22,VR2W-137351,A69-1602-52904,,,,,13,,
5/5/22 2:02,5/5/22,VR2W-137351,A69-1602-52904,,,,,13,,
5/5/22 2:03,5/5/22,VR2W-137351,A69-1602-52904,,,,,13,,
5/5/22 2:04,5/5/22,VR2W-137351,A69-1602-52904,,,,,13,,
5/5/22 2:05,5/5/22,VR2W-137351,A69-1602-52904,,,,,13,,
5/5/22 2:06,5/5/22,VR2W-137351,A69-1602-52904,,,,,13,,
5/5/22 2:07,5/5/22,VR2W-137351,A69-1602-52904,,,,,13,,
5/5/22 2:08,5/5/22,VR2W-137351,A69-1602-52904,,,,,13,,
5/5/22 2:09,5/5/22,VR2W-137351,A69-1602-52904,,,,,13,,
5/5/22 2:10,5/5/22,VR2W-137351,A69-1602-52904,,,,,13,,
5/5/22 2:10,5/5/22,VR2W-137351,A69-1602-52904,,,,,13,,
5/5/22 2:11,5/5/22,VR2W-137351,A69-1602-52904,,,,,13,,
5/5/22 2:12,5/5/22,VR2W-137351,A69-1602-52904,,,,,13,,
5/5/22 2:13,5/5/22,VR2W-137351,A69-1602-52904,,,,,13,,
5/5/22 2:13,5/5/22,VR2W-137351,A69-1602-52904,,,,,13,,
5/5/22 2:14,5/5/22,VR2W-137351,A69-1602-52904,,,,,13,,
5/5/22 2:15,5/5/22,VR2W-137351,A69-1602-52904,,,,,13,,
5/5/22 2:16,5/5/22,VR2W-137351,A69-1602-52904,,,,,13,,
5/5/22 2:17,5/5/22,VR2W-137351,A69-1602-52904,,,,,13,,
5/5/22 2:18,5/5/22,VR2W-137351,A69-1602-52904,,,,,13,,
5/12/22 13:30,5/12/22,VR2W-137351,A69-1602-52914,,,,,13,,
5/12/22 13:31,5/12/22,VR2W-137351,A69-1602-52914,,,,,13,,
5/12/22 13:32,5/12/22,VR2W-137351,A69-1602-52914,,,,,13,,
5/12/22 13:32,5/12/22,VR2W-137351,A69-1602-52914,,,,,13,,
5/12/22 13:33,5/12/22,VR2W-137351,A69-1602-52914,,,,,13,,
5/12/22 13:34,5/12/22,VR2W-137351,A69-1602-52914,,,,,13,,
5/12/22 13:35,5/12/22,VR2W-137351,A69-1602-52914,,,,,13,,
5/12/22 13:36,5/12/22,VR2W-137351,A69-1602-52914,,,,,13,,
5/12/22 13:36,5/12/22,VR2W-137351,A69-1602-52914,,,,,13,,
5/12/22 13:37,5/12/22,VR2W-137351,A69-1602-52914,,,,,13,,
5/12/22 13:38,5/12/22,VR2W-137351,A69-1602-52914,,,,,13,,
5/12/22 13:39,5/12/22,VR2W-137351,A69-1602-52914,,,,,13,,
5/12/22 13:40,5/12/22,VR2W-137351,A69-1602-52914,,,,,13,,
5/12/22 13:41,5/12/22,VR2W-137351,A69-1602-52914,,,,,13,,
5/12/22 13:42,5/12/22,VR2W-137351,A69-1602-52914,,,,,13,,
5/12/22 13:42,5/12/22,VR2W-137351,A69-1602-52914,,,,,13,,
5/12/22 13:43,5/12/22,VR2W-137351,A69-1602-52914,,,,,13,,
5/12/22 13:44,5/12/22,VR2W-137351,A69-1602-52914,,,,,13,,
5/12/22 13:45,5/12/22,VR2W-137351,A69-1602-52914,,,,,13,,
5/12/22 13:46,5/12/22,VR2W-137351,A69-1602-52914,,,,,13,,
5/12/22 13:47,5/12/22,VR2W-137351,A69-1602-52914,,,,,13,,
5/12/22 13:47,5/12/22,VR2W-137351,A69-1602-52914,,,,,13,,
5/12/22 13:48,5/12/22,VR2W-137351,A69-1602-52914,,,,,13,,
5/12/22 13:49,5/12/22,VR2W-137351,A69-1602-52914,,,,,13,,
5/12/22 13:50,5/12/22,VR2W-137351,A69-1602-52914,,,,,13,,
5/12/22 13:51,5/12/22,VR2W-137351,A69-1602-52914,,,,,13,,
5/12/22 13:51,5/12/22,VR2W-137351,A69-1602-52914,,,,,13,,
5/12/22 13:52,5/12/22,VR2W-137351,A69-1602-52914,,,,,13,,
5/12/22 13:53,5/12/22,VR2W-137351,A69-1602-52914,,,,,13,,
5/12/22 13:54,5/12/22,VR2W-137351,A69-1602-52914,,,,,13,,
5/12/22 13:54,5/12/22,VR2W-137351,A69-1602-52914,,,,,13,,
5/12/22 13:55,5/12/22,VR2W-137351,A69-1602-52914,,,,,13,,
5/12/22 13:56,5/12/22,VR2W-137351,A69-1602-52914,,,,,13,,
5/12/22 13:56,5/12/22,VR2W-137351,A69-1602-52914,,,,,13,,
5/12/22 13:57,5/12/22,VR2W-137351,A69-1602-52914,,,,,13,,
5/12/22 13:58,5/12/22,VR2W-137351,A69-1602-52914,,,,,13,,
5/12/22 13:59,5/12/22,VR2W-137351,A69-1602-52914,,,,,13,,
5/12/22 14:00,5/12/22,VR2W-137351,A69-1602-52914,,,,,13,,
5/12/22 14:00,5/12/22,VR2W-137351,A69-1602-52914,,,,,13,,
5/12/22 14:02,5/12/22,VR2W-137351,A69-1602-52914,,,,,13,,
5/12/22 14:49,5/12/22,VR2W-137351,A69-1602-52917,,,,,13,,
5/12/22 14:50,5/12/22,VR2W-137351,A69-1602-52917,,,,,13,,
5/12/22 14:51,5/12/22,VR2W-137351,A69-1602-52917,,,,,13,,
5/12/22 14:52,5/12/22,VR2W-137351,A69-1602-52917,,,,,13,,
5/12/22 14:53,5/12/22,VR2W-137351,A69-1602-52917,,,,,13,,
5/12/22 14:54,5/12/22,VR2W-137351,A69-1602-52917,,,,,13,,
5/12/22 14:55,5/12/22,VR2W-137351,A69-1602-52917,,,,,13,,
5/12/22 14:56,5/12/22,VR2W-137351,A69-1602-52917,,,,,13,,
5/12/22 14:57,5/12/22,VR2W-137351,A69-1602-52917,,,,,13,,
5/12/22 14:57,5/12/22,VR2W-137351,A69-1602-52917,,,,,13,,
5/12/22 14:58,5/12/22,VR2W-137351,A69-1602-52917,,,,,13,,
5/12/22 14:59,5/12/22,VR2W-137351,A69-1602-52917,,,,,13,,
5/12/22 15:00,5/12/22,VR2W-137351,A69-1602-52917,,,,,13,,
5/12/22 15:01,5/12/22,VR2W-137351,A69-1602-52917,,,,,13,,
5/12/22 15:02,5/12/22,VR2W-137351,A69-1602-52917,,,,,13,,
5/12/22 15:03,5/12/22,VR2W-137351,A69-1602-52917,,,,,13,,
5/12/22 15:04,5/12/22,VR2W-137351,A69-1602-52917,,,,,13,,
5/12/22 15:05,5/12/22,VR2W-137351,A69-1602-52917,,,,,13,,
5/12/22 15:06,5/12/22,VR2W-137351,A69-1602-52917,,,,,13,,
5/12/22 15:07,5/12/22,VR2W-137351,A69-1602-52917,,,,,13,,
5/12/22 15:07,5/12/22,VR2W-137351,A69-1602-52917,,,,,13,,
5/12/22 15:08,5/12/22,VR2W-137351,A69-1602-52917,,,,,13,,
5/12/22 15:09,5/12/22,VR2W-137351,A69-1602-52917,,,,,13,,
5/12/22 15:10,5/12/22,VR2W-137351,A69-1602-52917,,,,,13,,
5/12/22 15:10,5/12/22,VR2W-137351,A69-1602-52917,,,,,13,,
5/12/22 15:11,5/12/22,VR2W-137351,A69-1602-52917,,,,,13,,
5/12/22 15:12,5/12/22,VR2W-137351,A69-1602-52917,,,,,13,,
5/12/22 15:13,5/12/22,VR2W-137351,A69-1602-52917,,,,,13,,
5/12/22 15:13,5/12/22,VR2W-137351,A69-1602-52917,,,,,13,,
5/12/22 15:14,5/12/22,VR2W-137351,A69-1602-52917,,,,,13,,
5/12/22 15:15,5/12/22,VR2W-137351,A69-1602-52917,,,,,13,,
5/12/22 15:16,5/12/22,VR2W-137351,A69-1602-52917,,,,,13,,
5/12/22 15:16,5/12/22,VR2W-137351,A69-1602-52917,,,,,13,,
5/12/22 15:17,5/12/22,VR2W-137351,A69-1602-52917,,,,,13,,
5/12/22 15:18,5/12/22,VR2W-137351,A69-1602-52917,,,,,13,,
5/12/22 15:19,5/12/22,VR2W-137351,A69-1602-52917,,,,,13,,
5/12/22 15:20,5/12/22,VR2W-137351,A69-1602-52917,,,,,13,,
5/12/22 15:21,5/12/22,VR2W-137351,A69-1602-52917,,,,,13,,
5/12/22 15:21,5/12/22,VR2W-137351,A69-1602-52917,,,,,13,,
5/12/22 15:22,5/12/22,VR2W-137351,A69-1602-52917,,,,,13,,
5/12/22 15:23,5/12/22,VR2W-137351,A69-1602-52917,,,,,13,,
5/12/22 15:24,5/12/22,VR2W-137351,A69-1602-52917,,,,,13,,
5/12/22 15:24,5/12/22,VR2W-137351,A69-1602-52917,,,,,13,,
5/12/22 15:25,5/12/22,VR2W-137351,A69-1602-52917,,,,,13,,
5/12/22 15:26,5/12/22,VR2W-137351,A69-1602-52917,,,,,13,,
5/12/22 15:26,5/12/22,VR2W-137351,A69-1602-52917,,,,,13,,
5/12/22 15:27,5/12/22,VR2W-137351,A69-1602-52917,,,,,13,,
5/12/22 15:28,5/12/22,VR2W-137351,A69-1602-52917,,,,,13,,
5/12/22 15:29,5/12/22,VR2W-137351,A69-1602-52917,,,,,13,,
5/12/22 15:29,5/12/22,VR2W-137351,A69-1602-52917,,,,,13,,
5/12/22 15:30,5/12/22,VR2W-137351,A69-1602-52917,,,,,13,,
5/12/22 15:31,5/12/22,VR2W-137351,A69-1602-52917,,,,,13,,
5/12/22 15:32,5/12/22,VR2W-137351,A69-1602-52917,,,,,13,,
5/12/22 15:33,5/12/22,VR2W-137351,A69-1602-52917,,,,,13,,
5/12/22 15:33,5/12/22,VR2W-137351,A69-1602-52917,,,,,13,,
5/12/22 15:34,5/12/22,VR2W-137351,A69-1602-52917,,,,,13,,
5/12/22 15:35,5/12/22,VR2W-137351,A69-1602-52917,,,,,13,,
5/12/22 15:36,5/12/22,VR2W-137351,A69-1602-52917,,,,,13,,
5/12/22 15:37,5/12/22,VR2W-137351,A69-1602-52917,,,,,13,,
5/12/22 15:38,5/12/22,VR2W-137351,A69-1602-52917,,,,,13,,
5/12/22 15:39,5/12/22,VR2W-137351,A69-1602-52917,,,,,13,,
5/12/22 15:40,5/12/22,VR2W-137351,A69-1602-52917,,,,,13,,
5/12/22 15:40,5/12/22,VR2W-137351,A69-1602-52917,,,,,13,,
5/12/22 15:41,5/12/22,VR2W-137351,A69-1602-52917,,,,,13,,
5/12/22 15:42,5/12/22,VR2W-137351,A69-1602-52917,,,,,13,,
5/12/22 15:43,5/12/22,VR2W-137351,A69-1602-52917,,,,,13,,
5/12/22 15:43,5/12/22,VR2W-137351,A69-1602-52917,,,,,13,,
5/12/22 15:44,5/12/22,VR2W-137351,A69-1602-52917,,,,,13,,
5/12/22 15:44,5/12/22,VR2W-137351,A69-1602-52917,,,,,13,,
5/12/22 15:45,5/12/22,VR2W-137351,A69-1602-52917,,,,,13,,
5/12/22 15:46,5/12/22,VR2W-137351,A69-1602-52917,,,,,13,,
5/12/22 15:47,5/12/22,VR2W-137351,A69-1602-52917,,,,,13,,
5/12/22 15:47,5/12/22,VR2W-137351,A69-1602-52917,,,,,13,,
5/12/22 15:48,5/12/22,VR2W-137351,A69-1602-52917,,,,,13,,
5/12/22 15:49,5/12/22,VR2W-137351,A69-1602-52917,,,,,13,,
5/12/22 15:49,5/12/22,VR2W-137351,A69-1602-52917,,,,,13,,
5/12/22 15:50,5/12/22,VR2W-137351,A69-1602-52917,,,,,13,,
5/12/22 15:51,5/12/22,VR2W-137351,A69-1602-52917,,,,,13,,
5/12/22 15:52,5/12/22,VR2W-137351,A69-1602-52917,,,,,13,,
5/12/22 15:52,5/12/22,VR2W-137351,A69-1602-52917,,,,,13,,
5/12/22 15:53,5/12/22,VR2W-137351,A69-1602-52917,,,,,13,,
5/12/22 15:54,5/12/22,VR2W-137351,A69-1602-52917,,,,,13,,
5/12/22 15:55,5/12/22,VR2W-137351,A69-1602-52917,,,,,13,,
5/12/22 15:55,5/12/22,VR2W-137351,A69-1602-52917,,,,,13,,
5/12/22 15:56,5/12/22,VR2W-137351,A69-1602-52917,,,,,13,,
5/12/22 15:57,5/12/22,VR2W-137351,A69-1602-52917,,,,,13,,
5/12/22 15:58,5/12/22,VR2W-137351,A69-1602-52917,,,,,13,,
5/12/22 15:58,5/12/22,VR2W-137351,A69-1602-52917,,,,,13,,
5/12/22 15:59,5/12/22,VR2W-137351,A69-1602-52917,,,,,13,,
5/12/22 16:00,5/12/22,VR2W-137351,A69-1602-52917,,,,,13,,
5/12/22 16:01,5/12/22,VR2W-137351,A69-1602-52917,,,,,13,,
5/12/22 16:01,5/12/22,VR2W-137351,A69-1602-52917,,,,,13,,
5/12/22 16:02,5/12/22,VR2W-137351,A69-1602-52917,,,,,13,,
5/12/22 16:03,5/12/22,VR2W-137351,A69-1602-52917,,,,,13,,
5/12/22 16:04,5/12/22,VR2W-137351,A69-1602-52917,,,,,13,,
5/12/22 16:05,5/12/22,VR2W-137351,A69-1602-52898,,,,,13,,
5/12/22 16:05,5/12/22,VR2W-137351,A69-1602-52917,,,,,13,,
5/12/22 16:05,5/12/22,VR2W-137351,A69-1602-52898,,,,,13,,
5/12/22 16:06,5/12/22,VR2W-137351,A69-1602-52917,,,,,13,,
5/12/22 16:07,5/12/22,VR2W-137351,A69-1602-52898,,,,,13,,
5/12/22 16:07,5/12/22,VR2W-137351,A69-1602-52917,,,,,13,,
5/12/22 16:08,5/12/22,VR2W-137351,A69-1602-52898,,,,,13,,
5/12/22 16:08,5/12/22,VR2W-137351,A69-1602-52917,,,,,13,,
5/12/22 16:08,5/12/22,VR2W-137351,A69-1602-52898,,,,,13,,
5/12/22 16:09,5/12/22,VR2W-137351,A69-1602-52917,,,,,13,,
5/12/22 16:09,5/12/22,VR2W-137351,A69-1602-52898,,,,,13,,
5/12/22 16:11,5/12/22,VR2W-137351,A69-1602-52917,,,,,13,,
5/12/22 16:11,5/12/22,VR2W-137351,A69-1602-52898,,,,,13,,
5/12/22 16:12,5/12/22,VR2W-137351,A69-1602-52917,,,,,13,,
5/12/22 16:12,5/12/22,VR2W-137351,A69-1602-52898,,,,,13,,
5/12/22 16:12,5/12/22,VR2W-137351,A69-1602-52917,,,,,13,,
5/12/22 16:13,5/12/22,VR2W-137351,A69-1602-52898,,,,,13,,
5/12/22 16:13,5/12/22,VR2W-137351,A69-1602-52917,,,,,13,,
5/12/22 16:13,5/12/22,VR2W-137351,A69-1602-52917,,,,,13,,
5/12/22 16:14,5/12/22,VR2W-137351,A69-1602-52898,,,,,13,,
5/12/22 16:14,5/12/22,VR2W-137351,A69-1602-52917,,,,,13,,
5/12/22 16:15,5/12/22,VR2W-137351,A69-1602-52898,,,,,13,,
5/12/22 16:15,5/12/22,VR2W-137351,A69-1602-52917,,,,,13,,
5/12/22 16:15,5/12/22,VR2W-137351,A69-1602-52898,,,,,13,,
5/12/22 16:15,5/12/22,VR2W-137351,A69-1602-52917,,,,,13,,
5/12/22 16:16,5/12/22,VR2W-137351,A69-1602-52898,,,,,13,,
5/12/22 16:17,5/12/22,VR2W-137351,A69-1602-52898,,,,,13,,
5/12/22 16:17,5/12/22,VR2W-137351,A69-1602-52917,,,,,13,,
5/12/22 16:17,5/12/22,VR2W-137351,A69-1602-52898,,,,,13,,
5/12/22 16:20,5/12/22,VR2W-137351,A69-1602-52917,,,,,13,,
5/12/22 16:20,5/12/22,VR2W-137351,A69-1602-52898,,,,,13,,
5/12/22 16:21,5/12/22,VR2W-137351,A69-1602-52917,,,,,13,,
5/12/22 16:21,5/12/22,VR2W-137351,A69-1602-52898,,,,,13,,
5/12/22 16:22,5/12/22,VR2W-137351,A69-1602-52917,,,,,13,,
5/12/22 16:22,5/12/22,VR2W-137351,A69-1602-52917,,,,,13,,
5/12/22 16:22,5/12/22,VR2W-137351,A69-1602-52898,,,,,13,,
5/12/22 16:23,5/12/22,VR2W-137351,A69-1602-52917,,,,,13,,
5/12/22 16:23,5/12/22,VR2W-137351,A69-1602-52898,,,,,13,,
5/12/22 16:24,5/12/22,VR2W-137351,A69-1602-52917,,,,,13,,
5/12/22 16:24,5/12/22,VR2W-137351,A69-1602-52898,,,,,13,,
5/12/22 16:24,5/12/22,VR2W-137351,A69-1602-52917,,,,,13,,
5/12/22 16:25,5/12/22,VR2W-137351,A69-1602-52898,,,,,13,,
5/12/22 16:25,5/12/22,VR2W-137351,A69-1602-52917,,,,,13,,
5/12/22 16:25,5/12/22,VR2W-137351,A69-1602-52898,,,,,13,,
5/12/22 16:26,5/12/22,VR2W-137351,A69-1602-52917,,,,,13,,
5/12/22 16:26,5/12/22,VR2W-137351,A69-1602-52898,,,,,13,,
5/12/22 16:27,5/12/22,VR2W-137351,A69-1602-52917,,,,,13,,
5/12/22 16:27,5/12/22,VR2W-137351,A69-1602-52898,,,,,13,,
5/12/22 16:28,5/12/22,VR2W-137351,A69-1602-52917,,,,,13,,
5/12/22 16:28,5/12/22,VR2W-137351,A69-1602-52898,,,,,13,,
5/12/22 16:29,5/12/22,VR2W-137351,A69-1602-52917,,,,,13,,
5/12/22 16:29,5/12/22,VR2W-137351,A69-1602-52898,,,,,13,,
5/12/22 16:29,5/12/22,VR2W-137351,A69-1602-52917,,,,,13,,
5/12/22 16:30,5/12/22,VR2W-137351,A69-1602-52898,,,,,13,,
5/12/22 16:30,5/12/22,VR2W-137351,A69-1602-52917,,,,,13,,
5/12/22 16:32,5/12/22,VR2W-137351,A69-1602-52917,,,,,13,,
5/12/22 16:33,5/12/22,VR2W-137351,A69-1602-52898,,,,,13,,
5/12/22 16:33,5/12/22,VR2W-137351,A69-1602-52898,,,,,13,,
5/12/22 16:33,5/12/22,VR2W-137351,A69-1602-52917,,,,,13,,
5/12/22 16:34,5/12/22,VR2W-137351,A69-1602-52898,,,,,13,,
5/12/22 16:34,5/12/22,VR2W-137351,A69-1602-52917,,,,,13,,
5/12/22 16:35,5/12/22,VR2W-137351,A69-1602-52898,,,,,13,,
5/12/22 16:35,5/12/22,VR2W-137351,A69-1602-52917,,,,,13,,
5/12/22 16:36,5/12/22,VR2W-137351,A69-1602-52898,,,,,13,,
5/12/22 16:36,5/12/22,VR2W-137351,A69-1602-52917,,,,,13,,
5/12/22 16:37,5/12/22,VR2W-137351,A69-1602-52917,,,,,13,,
5/12/22 16:38,5/12/22,VR2W-137351,A69-1602-52898,,,,,13,,
5/12/22 16:38,5/12/22,VR2W-137351,A69-1602-52917,,,,,13,,
5/12/22 16:39,5/12/22,VR2W-137351,A69-1602-52917,,,,,13,,
5/12/22 16:40,5/12/22,VR2W-137351,A69-1602-52917,,,,,13,,
5/12/22 16:40,5/12/22,VR2W-137351,A69-1602-52898,,,,,13,,
5/12/22 16:40,5/12/22,VR2W-137351,A69-1602-52917,,,,,13,,
5/12/22 16:41,5/12/22,VR2W-137351,A69-1602-52898,,,,,13,,
5/12/22 16:41,5/12/22,VR2W-137351,A69-1602-52917,,,,,13,,
5/12/22 16:42,5/12/22,VR2W-137351,A69-1602-52917,,,,,13,,
5/12/22 16:42,5/12/22,VR2W-137351,A69-1602-52917,,,,,13,,
5/12/22 16:43,5/12/22,VR2W-137351,A69-1602-52917,,,,,13,,
5/12/22 16:44,5/12/22,VR2W-137351,A69-1602-52917,,,,,13,,
5/12/22 16:45,5/12/22,VR2W-137351,A69-1602-52917,,,,,13,,
5/12/22 16:46,5/12/22,VR2W-137351,A69-1602-52917,,,,,13,,
5/12/22 16:46,5/12/22,VR2W-137351,A69-1602-52917,,,,,13,,
5/12/22 16:47,5/12/22,VR2W-137351,A69-1602-52917,,,,,13,,
5/12/22 16:48,5/12/22,VR2W-137351,A69-1602-52917,,,,,13,,
5/12/22 16:49,5/12/22,VR2W-137351,A69-1602-52917,,,,,13,,
5/12/22 16:49,5/12/22,VR2W-137351,A69-1602-52917,,,,,13,,
5/12/22 16:50,5/12/22,VR2W-137351,A69-1602-52917,,,,,13,,
5/12/22 16:51,5/12/22,VR2W-137351,A69-1602-52917,,,,,13,,
5/12/22 16:52,5/12/22,VR2W-137351,A69-1602-52917,,,,,13,,
5/12/22 16:53,5/12/22,VR2W-137351,A69-1602-52917,,,,,13,,
5/12/22 16:54,5/12/22,VR2W-137351,A69-1602-52917,,,,,13,,
5/12/22 16:54,5/12/22,VR2W-137351,A69-1602-52917,,,,,13,,
5/12/22 16:55,5/12/22,VR2W-137351,A69-1602-52917,,,,,13,,
5/12/22 16:56,5/12/22,VR2W-137351,A69-1602-52917,,,,,13,,
5/12/22 16:56,5/12/22,VR2W-137351,A69-1602-52917,,,,,13,,
5/12/22 16:57,5/12/22,VR2W-137351,A69-1602-52917,,,,,13,,
5/12/22 16:57,5/12/22,VR2W-137351,A69-1602-52917,,,,,13,,
5/12/22 16:58,5/12/22,VR2W-137351,A69-1602-52917,,,,,13,,
5/12/22 16:59,5/12/22,VR2W-137351,A69-1602-52917,,,,,13,,
5/12/22 17:00,5/12/22,VR2W-137351,A69-1602-52917,,,,,13,,
5/12/22 17:01,5/12/22,VR2W-137351,A69-1602-52917,,,,,13,,
5/12/22 17:01,5/12/22,VR2W-137351,A69-1602-52917,,,,,13,,
5/12/22 17:02,5/12/22,VR2W-137351,A69-1602-52917,,,,,13,,
5/12/22 17:03,5/12/22,VR2W-137351,A69-1602-52917,,,,,13,,
5/12/22 17:03,5/12/22,VR2W-137351,A69-1602-52917,,,,,13,,
5/12/22 17:04,5/12/22,VR2W-137351,A69-1602-52917,,,,,13,,
5/12/22 17:05,5/12/22,VR2W-137351,A69-1602-52917,,,,,13,,
5/12/22 17:06,5/12/22,VR2W-137351,A69-1602-52917,,,,,13,,
5/12/22 17:07,5/12/22,VR2W-137351,A69-1602-52917,,,,,13,,
5/12/22 17:08,5/12/22,VR2W-137351,A69-1602-52917,,,,,13,,
5/12/22 17:08,5/12/22,VR2W-137351,A69-1602-52917,,,,,13,,
5/12/22 17:09,5/12/22,VR2W-137351,A69-1602-52917,,,,,13,,
5/12/22 17:10,5/12/22,VR2W-137351,A69-1602-52917,,,,,13,,
5/12/22 17:11,5/12/22,VR2W-137351,A69-1602-52917,,,,,13,,
5/12/22 17:12,5/12/22,VR2W-137351,A69-1602-52917,,,,,13,,
5/12/22 17:12,5/12/22,VR2W-137351,A69-1602-52917,,,,,13,,
5/12/22 17:13,5/12/22,VR2W-137351,A69-1602-52917,,,,,13,,
5/12/22 17:14,5/12/22,VR2W-137351,A69-1602-52917,,,,,13,,
5/12/22 17:14,5/12/22,VR2W-137351,A69-1602-52917,,,,,13,,
5/12/22 17:15,5/12/22,VR2W-137351,A69-1602-52917,,,,,13,,
5/12/22 17:16,5/12/22,VR2W-137351,A69-1602-52917,,,,,13,,
5/12/22 17:17,5/12/22,VR2W-137351,A69-1602-52917,,,,,13,,
5/12/22 17:17,5/12/22,VR2W-137351,A69-1602-52917,,,,,13,,
5/12/22 17:18,5/12/22,VR2W-137351,A69-1602-52917,,,,,13,,
5/12/22 17:19,5/12/22,VR2W-137351,A69-1602-52917,,,,,13,,
5/12/22 17:19,5/12/22,VR2W-137351,A69-1602-52917,,,,,13,,
5/12/22 17:20,5/12/22,VR2W-137351,A69-1602-52917,,,,,13,,
5/12/22 17:21,5/12/22,VR2W-137351,A69-1602-52917,,,,,13,,
5/12/22 17:22,5/12/22,VR2W-137351,A69-1602-52917,,,,,13,,
5/12/22 17:23,5/12/22,VR2W-137351,A69-1602-52917,,,,,13,,
5/12/22 17:24,5/12/22,VR2W-137351,A69-1602-52917,,,,,13,,
5/12/22 17:25,5/12/22,VR2W-137351,A69-1602-52917,,,,,13,,
5/12/22 17:26,5/12/22,VR2W-137351,A69-1602-52917,,,,,13,,
5/12/22 17:27,5/12/22,VR2W-137351,A69-1602-52917,,,,,13,,
5/12/22 17:27,5/12/22,VR2W-137351,A69-1602-52917,,,,,13,,
5/12/22 17:28,5/12/22,VR2W-137351,A69-1602-52917,,,,,13,,
5/12/22 17:29,5/12/22,VR2W-137351,A69-1602-52917,,,,,13,,
5/12/22 17:30,5/12/22,VR2W-137351,A69-1602-52917,,,,,13,,
5/12/22 17:31,5/12/22,VR2W-137351,A69-1602-52917,,,,,13,,
5/12/22 17:32,5/12/22,VR2W-137351,A69-1602-52917,,,,,13,,
5/12/22 17:33,5/12/22,VR2W-137351,A69-1602-52917,,,,,13,,
5/12/22 17:34,5/12/22,VR2W-137351,A69-1602-52917,,,,,13,,
5/12/22 17:34,5/12/22,VR2W-137351,A69-1602-52917,,,,,13,,
5/12/22 17:35,5/12/22,VR2W-137351,A69-1602-52917,,,,,13,,
5/12/22 17:36,5/12/22,VR2W-137351,A69-1602-52917,,,,,13,,
5/12/22 17:36,5/12/22,VR2W-137351,A69-1602-52917,,,,,13,,
5/12/22 17:37,5/12/22,VR2W-137351,A69-1602-52917,,,,,13,,
5/12/22 17:38,5/12/22,VR2W-137351,A69-1602-52917,,,,,13,,
5/12/22 17:39,5/12/22,VR2W-137351,A69-1602-52917,,,,,13,,
5/12/22 17:40,5/12/22,VR2W-137351,A69-1602-52917,,,,,13,,
5/12/22 17:41,5/12/22,VR2W-137351,A69-1602-52917,,,,,13,,
5/12/22 17:42,5/12/22,VR2W-137351,A69-1602-52917,,,,,13,,
5/12/22 17:43,5/12/22,VR2W-137351,A69-1602-52917,,,,,13,,
5/12/22 17:44,5/12/22,VR2W-137351,A69-1602-52917,,,,,13,,
5/12/22 17:44,5/12/22,VR2W-137351,A69-1602-52917,,,,,13,,
5/12/22 17:45,5/12/22,VR2W-137351,A69-1602-52917,,,,,13,,
5/12/22 17:46,5/12/22,VR2W-137351,A69-1602-52917,,,,,13,,
5/12/22 17:47,5/12/22,VR2W-137351,A69-1602-52917,,,,,13,,
5/12/22 17:47,5/12/22,VR2W-137351,A69-1602-52917,,,,,13,,
5/12/22 17:48,5/12/22,VR2W-137351,A69-1602-52917,,,,,13,,
5/12/22 17:49,5/12/22,VR2W-137351,A69-1602-52917,,,,,13,,
5/12/22 17:50,5/12/22,VR2W-137351,A69-1602-52917,,,,,13,,
5/12/22 17:50,5/12/22,VR2W-137351,A69-1602-52917,,,,,13,,
5/12/22 17:51,5/12/22,VR2W-137351,A69-1602-52917,,,,,13,,
5/12/22 17:52,5/12/22,VR2W-137351,A69-1602-52917,,,,,13,,
5/12/22 17:53,5/12/22,VR2W-137351,A69-1602-52917,,,,,13,,
5/12/22 17:53,5/12/22,VR2W-137351,A69-1602-52917,,,,,13,,
5/12/22 17:54,5/12/22,VR2W-137351,A69-1602-52917,,,,,13,,
5/12/22 17:55,5/12/22,VR2W-137351,A69-1602-52917,,,,,13,,
5/12/22 17:56,5/12/22,VR2W-137351,A69-1602-52917,,,,,13,,
5/12/22 17:57,5/12/22,VR2W-137351,A69-1602-52917,,,,,13,,
5/12/22 17:58,5/12/22,VR2W-137351,A69-1602-52917,,,,,13,,
5/12/22 17:59,5/12/22,VR2W-137351,A69-1602-52917,,,,,13,,
5/12/22 17:59,5/12/22,VR2W-137351,A69-1602-52917,,,,,13,,
5/12/22 18:00,5/12/22,VR2W-137351,A69-1602-52917,,,,,13,,
5/12/22 18:01,5/12/22,VR2W-137351,A69-1602-52917,,,,,13,,
5/12/22 18:04,5/12/22,VR2W-137351,A69-1602-52917,,,,,13,,
5/15/22 17:45,5/15/22,VR2W-137351,A69-1602-48728,,,,,13,,
5/15/22 17:46,5/15/22,VR2W-137351,A69-1602-48728,,,,,13,,
5/15/22 17:46,5/15/22,VR2W-137351,A69-1602-48728,,,,,13,,
5/15/22 17:47,5/15/22,VR2W-137351,A69-1602-48728,,,,,13,,
5/15/22 17:48,5/15/22,VR2W-137351,A69-1602-48728,,,,,13,,
5/15/22 17:49,5/15/22,VR2W-137351,A69-1602-48728,,,,,13,,
5/15/22 17:50,5/15/22,VR2W-137351,A69-1602-48728,,,,,13,,
5/15/22 17:51,5/15/22,VR2W-137351,A69-1602-48728,,,,,13,,
5/15/22 17:53,5/15/22,VR2W-137351,A69-1602-48728,,,,,13,,
5/16/22 17:14,5/16/22,VR2W-137351,A69-1602-52929,,,,,13,,
5/16/22 17:15,5/16/22,VR2W-137351,A69-1602-52929,,,,,13,,
5/16/22 17:16,5/16/22,VR2W-137351,A69-1602-52929,,,,,13,,
5/16/22 17:17,5/16/22,VR2W-137351,A69-1602-52929,,,,,13,,
5/16/22 17:18,5/16/22,VR2W-137351,A69-1602-52929,,,,,13,,
5/16/22 17:19,5/16/22,VR2W-137351,A69-1602-52929,,,,,13,,
5/16/22 17:19,5/16/22,VR2W-137351,A69-1602-52929,,,,,13,,
5/16/22 17:20,5/16/22,VR2W-137351,A69-1602-52929,,,,,13,,
5/16/22 17:21,5/16/22,VR2W-137351,A69-1602-52929,,,,,13,,
5/16/22 17:22,5/16/22,VR2W-137351,A69-1602-52929,,,,,13,,
5/16/22 17:23,5/16/22,VR2W-137351,A69-1602-52929,,,,,13,,
5/16/22 17:24,5/16/22,VR2W-137351,A69-1602-52929,,,,,13,,
5/16/22 17:25,5/16/22,VR2W-137351,A69-1602-52929,,,,,13,,
5/16/22 17:26,5/16/22,VR2W-137351,A69-1602-52929,,,,,13,,
5/16/22 17:27,5/16/22,VR2W-137351,A69-1602-52929,,,,,13,,
5/16/22 17:28,5/16/22,VR2W-137351,A69-1602-52929,,,,,13,,
5/16/22 17:29,5/16/22,VR2W-137351,A69-1602-52929,,,,,13,,
5/16/22 17:30,5/16/22,VR2W-137351,A69-1602-52929,,,,,13,,
5/16/22 17:30,5/16/22,VR2W-137351,A69-1602-52929,,,,,13,,
5/16/22 17:31,5/16/22,VR2W-137351,A69-1602-52929,,,,,13,,
5/16/22 17:32,5/16/22,VR2W-137351,A69-1602-52929,,,,,13,,
5/16/22 17:33,5/16/22,VR2W-137351,A69-1602-52929,,,,,13,,
5/16/22 17:33,5/16/22,VR2W-137351,A69-1602-52929,,,,,13,,
5/16/22 17:37,5/16/22,VR2W-137351,A69-1602-52929,,,,,13,,
5/16/22 17:38,5/16/22,VR2W-137351,A69-1602-52929,,,,,13,,
5/16/22 17:39,5/16/22,VR2W-137351,A69-1602-52929,,,,,13,,
5/16/22 17:45,5/16/22,VR2W-137351,A69-1602-52929,,,,,13,,
5/20/22 0:13,5/20/22,VR2W-137351,A69-1602-52898,,,,,13,,
5/20/22 0:14,5/20/22,VR2W-137351,A69-1602-52898,,,,,13,,
5/20/22 0:16,5/20/22,VR2W-137351,A69-1602-52898,,,,,13,,
5/20/22 0:16,5/20/22,VR2W-137351,A69-1602-52898,,,,,13,,
5/20/22 0:17,5/20/22,VR2W-137351,A69-1602-52898,,,,,13,,
5/20/22 0:18,5/20/22,VR2W-137351,A69-1602-52898,,,,,13,,
5/20/22 0:19,5/20/22,VR2W-137351,A69-1602-52898,,,,,13,,
5/20/22 0:19,5/20/22,VR2W-137351,A69-1602-52898,,,,,13,,
5/20/22 0:21,5/20/22,VR2W-137351,A69-1602-52898,,,,,13,,
5/20/22 0:22,5/20/22,VR2W-137351,A69-1602-52898,,,,,13,,
5/20/22 0:23,5/20/22,VR2W-137351,A69-1602-52898,,,,,13,,
5/20/22 0:24,5/20/22,VR2W-137351,A69-1602-52898,,,,,13,,
5/22/22 13:27,5/22/22,VR2W-137351,A69-1602-48732,,,,,13,,
5/22/22 13:33,5/22/22,VR2W-137351,A69-1602-48732,,,,,13,,
5/22/22 13:33,5/22/22,VR2W-137351,A69-1602-48732,,,,,13,,
5/22/22 13:34,5/22/22,VR2W-137351,A69-1602-48732,,,,,13,,
5/22/22 13:35,5/22/22,VR2W-137351,A69-1602-48732,,,,,13,,
5/22/22 13:36,5/22/22,VR2W-137351,A69-1602-48732,,,,,13,,
5/22/22 13:37,5/22/22,VR2W-137351,A69-1602-48732,,,,,13,,
5/22/22 13:38,5/22/22,VR2W-137351,A69-1602-48732,,,,,13,,
5/22/22 13:39,5/22/22,VR2W-137351,A69-1602-48732,,,,,13,,
5/22/22 13:39,5/22/22,VR2W-137351,A69-1602-48732,,,,,13,,
5/23/22 16:50,5/23/22,VR2W-137351,A69-1602-48730,,,,,13,,
5/23/22 16:51,5/23/22,VR2W-137351,A69-1602-48730,,,,,13,,
5/23/22 16:51,5/23/22,VR2W-137351,A69-1602-48730,,,,,13,,
5/23/22 16:52,5/23/22,VR2W-137351,A69-1602-48730,,,,,13,,
5/23/22 16:53,5/23/22,VR2W-137351,A69-1602-48730,,,,,13,,
5/23/22 16:54,5/23/22,VR2W-137351,A69-1602-48730,,,,,13,,
5/23/22 16:55,5/23/22,VR2W-137351,A69-1602-48730,,,,,13,,
5/23/22 16:56,5/23/22,VR2W-137351,A69-1602-48730,,,,,13,,
5/23/22 16:56,5/23/22,VR2W-137351,A69-1602-48730,,,,,13,,
5/28/22 6:27,5/28/22,VR2W-137351,A69-1602-52917,,,,,13,,
5/28/22 6:28,5/28/22,VR2W-137351,A69-1602-52917,,,,,13,,
5/28/22 6:29,5/28/22,VR2W-137351,A69-1602-52917,,,,,13,,
5/28/22 6:30,5/28/22,VR2W-137351,A69-1602-52917,,,,,13,,
5/28/22 6:31,5/28/22,VR2W-137351,A69-1602-52917,,,,,13,,
5/28/22 6:31,5/28/22,VR2W-137351,A69-1602-52917,,,,,13,,
5/28/22 6:32,5/28/22,VR2W-137351,A69-1602-52917,,,,,13,,
5/28/22 6:33,5/28/22,VR2W-137351,A69-1602-52917,,,,,13,,
5/28/22 6:34,5/28/22,VR2W-137351,A69-1602-52917,,,,,13,,
5/28/22 6:34,5/28/22,VR2W-137351,A69-1602-52917,,,,,13,,
5/28/22 6:35,5/28/22,VR2W-137351,A69-1602-52917,,,,,13,,
5/28/22 6:36,5/28/22,VR2W-137351,A69-1602-52917,,,,,13,,
5/28/22 6:37,5/28/22,VR2W-137351,A69-1602-52917,,,,,13,,
5/28/22 6:37,5/28/22,VR2W-137351,A69-1602-52917,,,,,13,,
5/28/22 6:38,5/28/22,VR2W-137351,A69-1602-52917,,,,,13,,
5/28/22 6:39,5/28/22,VR2W-137351,A69-1602-52917,,,,,13,,
5/28/22 6:40,5/28/22,VR2W-137351,A69-1602-52917,,,,,13,,
5/28/22 6:41,5/28/22,VR2W-137351,A69-1602-52917,,,,,13,,
5/28/22 6:41,5/28/22,VR2W-137351,A69-1602-52917,,,,,13,,
5/28/22 6:42,5/28/22,VR2W-137351,A69-1602-52917,,,,,13,,
5/28/22 6:43,5/28/22,VR2W-137351,A69-1602-52917,,,,,13,,
5/28/22 6:44,5/28/22,VR2W-137351,A69-1602-52917,,,,,13,,
5/29/22 18:55,5/29/22,VR2W-137351,A69-1602-48725,,,,,13,,
5/29/22 18:59,5/29/22,VR2W-137351,A69-1602-48725,,,,,13,,
5/29/22 19:00,5/29/22,VR2W-137351,A69-1602-48725,,,,,13,,
5/29/22 19:01,5/29/22,VR2W-137351,A69-1602-48725,,,,,13,,
5/29/22 19:02,5/29/22,VR2W-137351,A69-1602-48725,,,,,13,,
5/29/22 19:03,5/29/22,VR2W-137351,A69-1602-48725,,,,,13,,
5/29/22 19:04,5/29/22,VR2W-137351,A69-1602-48725,,,,,13,,
5/29/22 19:04,5/29/22,VR2W-137351,A69-1602-48725,,,,,13,,
5/29/22 19:05,5/29/22,VR2W-137351,A69-1602-48725,,,,,13,,
5/29/22 19:06,5/29/22,VR2W-137351,A69-1602-48725,,,,,13,,
5/31/22 20:46,5/31/22,VR2W-137351,A69-1602-48491,,,,,13,,
5/31/22 20:46,5/31/22,VR2W-137351,A69-1602-48491,,,,,13,,
5/31/22 20:47,5/31/22,VR2W-137351,A69-1602-48491,,,,,13,,
5/31/22 20:48,5/31/22,VR2W-137351,A69-1602-48491,,,,,13,,
6/3/22 1:05,6/3/22,VR2W-137351,A69-1602-48466,,,,,13,,
6/3/22 1:06,6/3/22,VR2W-137351,A69-1602-48466,,,,,13,,
6/3/22 1:07,6/3/22,VR2W-137351,A69-1602-48466,,,,,13,,
6/3/22 1:08,6/3/22,VR2W-137351,A69-1602-48466,,,,,13,,
6/3/22 1:09,6/3/22,VR2W-137351,A69-1602-48466,,,,,13,,
6/3/22 1:10,6/3/22,VR2W-137351,A69-1602-48466,,,,,13,,
6/3/22 1:11,6/3/22,VR2W-137351,A69-1602-48466,,,,,13,,
6/3/22 1:13,6/3/22,VR2W-137351,A69-1602-48466,,,,,13,,
6/4/22 5:03,6/4/22,VR2W-137351,A69-1602-48731,,,,,13,,
6/4/22 5:06,6/4/22,VR2W-137351,A69-1602-48731,,,,,13,,
6/4/22 5:07,6/4/22,VR2W-137351,A69-1602-48731,,,,,13,,
6/4/22 5:08,6/4/22,VR2W-137351,A69-1602-48731,,,,,13,,
6/4/22 5:09,6/4/22,VR2W-137351,A69-1602-48731,,,,,13,,
6/4/22 5:09,6/4/22,VR2W-137351,A69-1602-48731,,,,,13,,
6/4/22 5:10,6/4/22,VR2W-137351,A69-1602-48731,,,,,13,,
6/4/22 5:11,6/4/22,VR2W-137351,A69-1602-48731,,,,,13,,
6/4/22 5:12,6/4/22,VR2W-137351,A69-1602-48731,,,,,13,,
6/4/22 5:12,6/4/22,VR2W-137351,A69-1602-48731,,,,,13,,
6/6/22 21:18,6/6/22,VR2W-137351,A69-1602-52900,,,,,13,,
6/6/22 21:19,6/6/22,VR2W-137351,A69-1602-52900,,,,,13,,
6/6/22 21:19,6/6/22,VR2W-137351,A69-1602-52900,,,,,13,,
6/6/22 21:20,6/6/22,VR2W-137351,A69-1602-52900,,,,,13,,
6/6/22 21:21,6/6/22,VR2W-137351,A69-1602-52900,,,,,13,,
6/6/22 21:21,6/6/22,VR2W-137351,A69-1602-52900,,,,,13,,
6/6/22 21:22,6/6/22,VR2W-137351,A69-1602-52900,,,,,13,,
6/6/22 21:23,6/6/22,VR2W-137351,A69-1602-52900,,,,,13,,
6/6/22 21:24,6/6/22,VR2W-137351,A69-1602-52900,,,,,13,,
6/6/22 21:25,6/6/22,VR2W-137351,A69-1602-52900,,,,,13,,
6/6/22 21:26,6/6/22,VR2W-137351,A69-1602-52900,,,,,13,,
6/6/22 21:27,6/6/22,VR2W-137351,A69-1602-52900,,,,,13,,
6/6/22 21:27,6/6/22,VR2W-137351,A69-1602-52900,,,,,13,,
6/6/22 21:28,6/6/22,VR2W-137351,A69-1602-52900,,,,,13,,
6/6/22 21:29,6/6/22,VR2W-137351,A69-1602-52900,,,,,13,,
6/6/22 21:29,6/6/22,VR2W-137351,A69-1602-52900,,,,,13,,
6/6/22 21:30,6/6/22,VR2W-137351,A69-1602-52900,,,,,13,,
6/6/22 21:31,6/6/22,VR2W-137351,A69-1602-52900,,,,,13,,
6/6/22 21:32,6/6/22,VR2W-137351,A69-1602-52900,,,,,13,,
6/6/22 21:33,6/6/22,VR2W-137351,A69-1602-52900,,,,,13,,
6/6/22 21:33,6/6/22,VR2W-137351,A69-1602-52900,,,,,13,,
6/6/22 21:34,6/6/22,VR2W-137351,A69-1602-52900,,,,,13,,
6/6/22 21:35,6/6/22,VR2W-137351,A69-1602-52900,,,,,13,,
6/6/22 21:36,6/6/22,VR2W-137351,A69-1602-52900,,,,,13,,
6/6/22 21:36,6/6/22,VR2W-137351,A69-1602-52900,,,,,13,,
6/6/22 21:37,6/6/22,VR2W-137351,A69-1602-52900,,,,,13,,
6/6/22 21:38,6/6/22,VR2W-137351,A69-1602-52900,,,,,13,,
6/6/22 21:39,6/6/22,VR2W-137351,A69-1602-52900,,,,,13,,
6/6/22 21:40,6/6/22,VR2W-137351,A69-1602-52900,,,,,13,,
6/6/22 21:41,6/6/22,VR2W-137351,A69-1602-52900,,,,,13,,
6/6/22 21:42,6/6/22,VR2W-137351,A69-1602-52900,,,,,13,,
6/6/22 21:43,6/6/22,VR2W-137351,A69-1602-52900,,,,,13,,
6/6/22 21:44,6/6/22,VR2W-137351,A69-1602-52900,,,,,13,,
6/6/22 21:45,6/6/22,VR2W-137351,A69-1602-52900,,,,,13,,
6/6/22 21:45,6/6/22,VR2W-137351,A69-1602-52900,,,,,13,,
6/6/22 21:46,6/6/22,VR2W-137351,A69-1602-52900,,,,,13,,
6/6/22 21:48,6/6/22,VR2W-137351,A69-1602-52900,,,,,13,,
6/6/22 21:48,6/6/22,VR2W-137351,A69-1602-52900,,,,,13,,
6/6/22 21:50,6/6/22,VR2W-137351,A69-1602-52900,,,,,13,,
6/6/22 21:51,6/6/22,VR2W-137351,A69-1602-52900,,,,,13,,
6/6/22 21:52,6/6/22,VR2W-137351,A69-1602-52900,,,,,13,,
6/6/22 21:53,6/6/22,VR2W-137351,A69-1602-52900,,,,,13,,
6/6/22 21:54,6/6/22,VR2W-137351,A69-1602-52900,,,,,13,,
6/6/22 22:01,6/6/22,VR2W-137351,A69-1602-52900,,,,,13,,
6/6/22 22:02,6/6/22,VR2W-137351,A69-1602-52900,,,,,13,,
6/6/22 22:10,6/6/22,VR2W-137351,A69-1602-52900,,,,,13,,
6/7/22 1:26,6/7/22,VR2W-137351,A69-1602-48727,,,,,13,,
6/7/22 1:27,6/7/22,VR2W-137351,A69-1602-48727,,,,,13,,
6/7/22 1:28,6/7/22,VR2W-137351,A69-1602-48727,,,,,13,,
6/7/22 1:29,6/7/22,VR2W-137351,A69-1602-48727,,,,,13,,
6/7/22 1:30,6/7/22,VR2W-137351,A69-1602-48727,,,,,13,,
6/7/22 1:32,6/7/22,VR2W-137351,A69-1602-48727,,,,,13,,
6/8/22 15:05,6/8/22,VR2W-137351,A69-1602-48733,,,,,13,,
6/8/22 15:06,6/8/22,VR2W-137351,A69-1602-48733,,,,,13,,
6/8/22 15:07,6/8/22,VR2W-137351,A69-1602-48733,,,,,13,,
6/8/22 15:08,6/8/22,VR2W-137351,A69-1602-48733,,,,,13,,
6/8/22 15:09,6/8/22,VR2W-137351,A69-1602-48733,,,,,13,,
6/8/22 15:09,6/8/22,VR2W-137351,A69-1602-48733,,,,,13,,
6/8/22 15:19,6/8/22,VR2W-137351,A69-1602-52893,,,,,13,,
6/8/22 15:20,6/8/22,VR2W-137351,A69-1602-52893,,,,,13,,
6/8/22 15:22,6/8/22,VR2W-137351,A69-1602-52893,,,,,13,,
6/8/22 15:22,6/8/22,VR2W-137351,A69-1602-52893,,,,,13,,
6/8/22 15:23,6/8/22,VR2W-137351,A69-1602-52893,,,,,13,,
6/8/22 15:25,6/8/22,VR2W-137351,A69-1602-52893,,,,,13,,
6/8/22 15:26,6/8/22,VR2W-137351,A69-1602-52893,,,,,13,,
6/8/22 15:27,6/8/22,VR2W-137351,A69-1602-52893,,,,,13,,
6/8/22 15:28,6/8/22,VR2W-137351,A69-1602-52893,,,,,13,,
6/8/22 15:29,6/8/22,VR2W-137351,A69-1602-52893,,,,,13,,
6/8/22 15:30,6/8/22,VR2W-137351,A69-1602-52893,,,,,13,,
6/8/22 15:31,6/8/22,VR2W-137351,A69-1602-52893,,,,,13,,
6/8/22 15:33,6/8/22,VR2W-137351,A69-1602-52893,,,,,13,,
6/8/22 15:34,6/8/22,VR2W-137351,A69-1602-52893,,,,,13,,
6/8/22 15:34,6/8/22,VR2W-137351,A69-1602-52893,,,,,13,,
6/8/22 15:35,6/8/22,VR2W-137351,A69-1602-52893,,,,,13,,
6/8/22 15:36,6/8/22,VR2W-137351,A69-1602-52893,,,,,13,,
6/8/22 15:37,6/8/22,VR2W-137351,A69-1602-52893,,,,,13,,
6/8/22 15:38,6/8/22,VR2W-137351,A69-1602-52893,,,,,13,,
6/8/22 15:39,6/8/22,VR2W-137351,A69-1602-52893,,,,,13,,
6/8/22 15:40,6/8/22,VR2W-137351,A69-1602-52893,,,,,13,,
6/8/22 15:41,6/8/22,VR2W-137351,A69-1602-52893,,,,,13,,
6/8/22 15:42,6/8/22,VR2W-137351,A69-1602-52893,,,,,13,,
6/8/22 15:43,6/8/22,VR2W-137351,A69-1602-52893,,,,,13,,
6/8/22 15:44,6/8/22,VR2W-137351,A69-1602-52893,,,,,13,,
6/8/22 15:44,6/8/22,VR2W-137351,A69-1602-52893,,,,,13,,
6/8/22 15:45,6/8/22,VR2W-137351,A69-1602-52893,,,,,13,,
6/8/22 15:46,6/8/22,VR2W-137351,A69-1602-52893,,,,,13,,
6/8/22 15:46,6/8/22,VR2W-137351,A69-1602-52893,,,,,13,,
6/8/22 15:47,6/8/22,VR2W-137351,A69-1602-52893,,,,,13,,
6/8/22 15:48,6/8/22,VR2W-137351,A69-1602-52893,,,,,13,,
6/8/22 15:49,6/8/22,VR2W-137351,A69-1602-52893,,,,,13,,
6/8/22 15:49,6/8/22,VR2W-137351,A69-1602-52893,,,,,13,,
6/8/22 15:50,6/8/22,VR2W-137351,A69-1602-52893,,,,,13,,
6/8/22 15:51,6/8/22,VR2W-137351,A69-1602-52893,,,,,13,,
6/8/22 15:51,6/8/22,VR2W-137351,A69-1602-52893,,,,,13,,
6/8/22 15:52,6/8/22,VR2W-137351,A69-1602-52893,,,,,13,,
6/8/22 15:53,6/8/22,VR2W-137351,A69-1602-52893,,,,,13,,
6/8/22 15:54,6/8/22,VR2W-137351,A69-1602-52893,,,,,13,,
6/8/22 15:54,6/8/22,VR2W-137351,A69-1602-52893,,,,,13,,
6/8/22 15:55,6/8/22,VR2W-137351,A69-1602-52893,,,,,13,,
6/8/22 15:56,6/8/22,VR2W-137351,A69-1602-52893,,,,,13,,
6/8/22 15:56,6/8/22,VR2W-137351,A69-1602-52893,,,,,13,,
6/8/22 15:57,6/8/22,VR2W-137351,A69-1602-52893,,,,,13,,
6/8/22 15:58,6/8/22,VR2W-137351,A69-1602-52893,,,,,13,,
6/8/22 15:59,6/8/22,VR2W-137351,A69-1602-52893,,,,,13,,
6/8/22 16:00,6/8/22,VR2W-137351,A69-1602-52893,,,,,13,,
6/8/22 16:01,6/8/22,VR2W-137351,A69-1602-52893,,,,,13,,
6/8/22 16:02,6/8/22,VR2W-137351,A69-1602-52893,,,,,13,,
6/8/22 16:02,6/8/22,VR2W-137351,A69-1602-52893,,,,,13,,
6/8/22 16:03,6/8/22,VR2W-137351,A69-1602-52893,,,,,13,,
6/8/22 16:04,6/8/22,VR2W-137351,A69-1602-52893,,,,,13,,
6/8/22 16:04,6/8/22,VR2W-137351,A69-1602-52893,,,,,13,,
6/8/22 16:05,6/8/22,VR2W-137351,A69-1602-52893,,,,,13,,
6/8/22 16:51,6/8/22,VR2W-137351,A69-1602-48733,,,,,13,,
6/8/22 16:52,6/8/22,VR2W-137351,A69-1602-48733,,,,,13,,
6/8/22 16:53,6/8/22,VR2W-137351,A69-1602-48733,,,,,13,,
6/8/22 16:54,6/8/22,VR2W-137351,A69-1602-48733,,,,,13,,
6/8/22 16:55,6/8/22,VR2W-137351,A69-1602-48733,,,,,13,,
6/8/22 16:56,6/8/22,VR2W-137351,A69-1602-48733,,,,,13,,
6/8/22 16:57,6/8/22,VR2W-137351,A69-1602-48733,,,,,13,,
6/8/22 16:57,6/8/22,VR2W-137351,A69-1602-48733,,,,,13,,
6/8/22 16:58,6/8/22,VR2W-137351,A69-1602-48733,,,,,13,,
6/8/22 16:58,6/8/22,VR2W-137351,A69-1602-48733,,,,,13,,
6/8/22 16:59,6/8/22,VR2W-137351,A69-1602-48733,,,,,13,,
6/8/22 17:00,6/8/22,VR2W-137351,A69-1602-48733,,,,,13,,
6/8/22 17:01,6/8/22,VR2W-137351,A69-1602-48733,,,,,13,,
6/8/22 17:02,6/8/22,VR2W-137351,A69-1602-48733,,,,,13,,
6/8/22 17:03,6/8/22,VR2W-137351,A69-1602-48733,,,,,13,,
6/8/22 17:04,6/8/22,VR2W-137351,A69-1602-48733,,,,,13,,
6/9/22 10:52,6/9/22,VR2W-137351,A69-1602-48478,,,,,13,,
6/9/22 10:52,6/9/22,VR2W-137351,A69-1602-48478,,,,,13,,
6/9/22 10:53,6/9/22,VR2W-137351,A69-1602-48478,,,,,13,,
6/9/22 10:54,6/9/22,VR2W-137351,A69-1602-48478,,,,,13,,
6/9/22 10:55,6/9/22,VR2W-137351,A69-1602-48478,,,,,13,,
6/9/22 10:56,6/9/22,VR2W-137351,A69-1602-48478,,,,,13,,
6/9/22 10:57,6/9/22,VR2W-137351,A69-1602-48478,,,,,13,,
6/9/22 10:58,6/9/22,VR2W-137351,A69-1602-48478,,,,,13,,
6/9/22 10:59,6/9/22,VR2W-137351,A69-1602-48478,,,,,13,,
6/9/22 11:00,6/9/22,VR2W-137351,A69-1602-48478,,,,,13,,
6/9/22 11:01,6/9/22,VR2W-137351,A69-1602-48478,,,,,13,,
6/9/22 11:01,6/9/22,VR2W-137351,A69-1602-48478,,,,,13,,
6/9/22 11:03,6/9/22,VR2W-137351,A69-1602-48478,,,,,13,,
6/9/22 11:04,6/9/22,VR2W-137351,A69-1602-48478,,,,,13,,
6/9/22 11:05,6/9/22,VR2W-137351,A69-1602-48478,,,,,13,,
6/9/22 11:05,6/9/22,VR2W-137351,A69-1602-48464,,,,,13,,
6/9/22 11:06,6/9/22,VR2W-137351,A69-1602-48464,,,,,13,,
6/9/22 11:07,6/9/22,VR2W-137351,A69-1602-48464,,,,,13,,
6/9/22 11:08,6/9/22,VR2W-137351,A69-1602-48464,,,,,13,,
6/9/22 11:09,6/9/22,VR2W-137351,A69-1602-48464,,,,,13,,
6/9/22 11:09,6/9/22,VR2W-137351,A69-1602-48464,,,,,13,,
6/9/22 11:10,6/9/22,VR2W-137351,A69-1602-48464,,,,,13,,
6/9/22 11:11,6/9/22,VR2W-137351,A69-1602-48464,,,,,13,,
6/9/22 11:12,6/9/22,VR2W-137351,A69-1602-48464,,,,,13,,
6/9/22 11:13,6/9/22,VR2W-137351,A69-1602-48464,,,,,13,,
6/9/22 11:13,6/9/22,VR2W-137351,A69-1602-48464,,,,,13,,
6/9/22 11:14,6/9/22,VR2W-137351,A69-1602-48464,,,,,13,,
6/9/22 11:15,6/9/22,VR2W-137351,A69-1602-48464,,,,,13,,
6/9/22 11:16,6/9/22,VR2W-137351,A69-1602-48464,,,,,13,,
6/9/22 11:16,6/9/22,VR2W-137351,A69-1602-48464,,,,,13,,
6/9/22 11:17,6/9/22,VR2W-137351,A69-1602-48464,,,,,13,,
6/9/22 11:18,6/9/22,VR2W-137351,A69-1602-48464,,,,,13,,
6/9/22 11:19,6/9/22,VR2W-137351,A69-1602-48464,,,,,13,,
6/9/22 11:19,6/9/22,VR2W-137351,A69-1602-48464,,,,,13,,
6/9/22 12:29,6/9/22,VR2W-137351,A69-1602-48462,,,,,13,,
6/9/22 12:30,6/9/22,VR2W-137351,A69-1602-48462,,,,,13,,
6/9/22 12:31,6/9/22,VR2W-137351,A69-1602-48462,,,,,13,,
6/9/22 12:31,6/9/22,VR2W-137351,A69-1602-48462,,,,,13,,
6/9/22 12:32,6/9/22,VR2W-137351,A69-1602-48462,,,,,13,,
6/9/22 12:33,6/9/22,VR2W-137351,A69-1602-48462,,,,,13,,
6/9/22 12:34,6/9/22,VR2W-137351,A69-1602-48462,,,,,13,,
6/9/22 12:35,6/9/22,VR2W-137351,A69-1602-48462,,,,,13,,
6/9/22 12:36,6/9/22,VR2W-137351,A69-1602-48462,,,,,13,,
6/9/22 12:37,6/9/22,VR2W-137351,A69-1602-48462,,,,,13,,
6/9/22 12:38,6/9/22,VR2W-137351,A69-1602-48462,,,,,13,,
6/9/22 12:38,6/9/22,VR2W-137351,A69-1602-48462,,,,,13,,
6/9/22 12:39,6/9/22,VR2W-137351,A69-1602-48462,,,,,13,,
6/9/22 12:40,6/9/22,VR2W-137351,A69-1602-48462,,,,,13,,
6/9/22 12:41,6/9/22,VR2W-137351,A69-1602-48462,,,,,13,,
6/9/22 12:41,6/9/22,VR2W-137351,A69-1602-48462,,,,,13,,
6/9/22 12:42,6/9/22,VR2W-137351,A69-1602-48462,,,,,13,,
6/9/22 12:44,6/9/22,VR2W-137351,A69-1602-48487,,,,,13,,
6/9/22 12:45,6/9/22,VR2W-137351,A69-1602-48487,,,,,13,,
6/9/22 12:45,6/9/22,VR2W-137351,A69-1602-48487,,,,,13,,
6/9/22 12:46,6/9/22,VR2W-137351,A69-1602-48487,,,,,13,,
6/9/22 12:47,6/9/22,VR2W-137351,A69-1602-48487,,,,,13,,
6/9/22 12:47,6/9/22,VR2W-137351,A69-1602-48487,,,,,13,,
6/9/22 12:48,6/9/22,VR2W-137351,A69-1602-48487,,,,,13,,
6/9/22 12:49,6/9/22,VR2W-137351,A69-1602-48487,,,,,13,,
6/9/22 12:50,6/9/22,VR2W-137351,A69-1602-48487,,,,,13,,
6/9/22 12:51,6/9/22,VR2W-137351,A69-1602-48487,,,,,13,,
6/9/22 12:52,6/9/22,VR2W-137351,A69-1602-48487,,,,,13,,
6/9/22 12:53,6/9/22,VR2W-137351,A69-1602-48487,,,,,13,,
6/9/22 12:54,6/9/22,VR2W-137351,A69-1602-48487,,,,,13,,
6/9/22 12:55,6/9/22,VR2W-137351,A69-1602-48487,,,,,13,,
6/9/22 12:55,6/9/22,VR2W-137351,A69-1602-48487,,,,,13,,
6/9/22 12:56,6/9/22,VR2W-137351,A69-1602-48487,,,,,13,,
6/9/22 12:57,6/9/22,VR2W-137351,A69-1602-48487,,,,,13,,
6/9/22 18:44,6/9/22,VR2W-137351,A69-1602-48733,,,,,13,,
6/9/22 18:46,6/9/22,VR2W-137351,A69-1602-48733,,,,,13,,
6/9/22 18:47,6/9/22,VR2W-137351,A69-1602-48733,,,,,13,,
6/9/22 18:48,6/9/22,VR2W-137351,A69-1602-48733,,,,,13,,
6/9/22 18:49,6/9/22,VR2W-137351,A69-1602-48733,,,,,13,,
6/9/22 18:50,6/9/22,VR2W-137351,A69-1602-48733,,,,,13,,
6/9/22 18:50,6/9/22,VR2W-137351,A69-1602-48733,,,,,13,,
6/9/22 18:51,6/9/22,VR2W-137351,A69-1602-48733,,,,,13,,
6/9/22 20:29,6/9/22,VR2W-137351,A69-1602-48487,,,,,13,,
6/9/22 20:30,6/9/22,VR2W-137351,A69-1602-48487,,,,,13,,
6/9/22 20:31,6/9/22,VR2W-137351,A69-1602-48487,,,,,13,,
6/9/22 20:32,6/9/22,VR2W-137351,A69-1602-48487,,,,,13,,
6/9/22 20:32,6/9/22,VR2W-137351,A69-1602-48487,,,,,13,,
6/9/22 20:33,6/9/22,VR2W-137351,A69-1602-48487,,,,,13,,
6/9/22 20:33,6/9/22,VR2W-137351,A69-1602-48487,,,,,13,,
6/9/22 20:34,6/9/22,VR2W-137351,A69-1602-48487,,,,,13,,
6/9/22 20:35,6/9/22,VR2W-137351,A69-1602-48487,,,,,13,,
6/9/22 20:36,6/9/22,VR2W-137351,A69-1602-48487,,,,,13,,
6/10/22 7:52,6/10/22,VR2W-137351,A69-1602-48464,,,,,13,,
6/10/22 7:52,6/10/22,VR2W-137351,A69-1602-48464,,,,,13,,
6/10/22 7:53,6/10/22,VR2W-137351,A69-1602-48464,,,,,13,,
6/10/22 7:54,6/10/22,VR2W-137351,A69-1602-48464,,,,,13,,
6/10/22 7:55,6/10/22,VR2W-137351,A69-1602-48464,,,,,13,,
6/10/22 7:55,6/10/22,VR2W-137351,A69-1602-48464,,,,,13,,
6/10/22 7:56,6/10/22,VR2W-137351,A69-1602-48464,,,,,13,,
6/10/22 7:57,6/10/22,VR2W-137351,A69-1602-48464,,,,,13,,
6/10/22 7:58,6/10/22,VR2W-137351,A69-1602-48464,,,,,13,,
6/10/22 7:58,6/10/22,VR2W-137351,A69-1602-48464,,,,,13,,
6/10/22 7:59,6/10/22,VR2W-137351,A69-1602-48464,,,,,13,,
6/10/22 8:00,6/10/22,VR2W-137351,A69-1602-48464,,,,,13,,
6/10/22 12:01,6/10/22,VR2W-137351,A69-1602-48462,,,,,13,,
6/10/22 12:02,6/10/22,VR2W-137351,A69-1602-48462,,,,,13,,
6/10/22 12:02,6/10/22,VR2W-137351,A69-1602-48462,,,,,13,,
6/10/22 12:03,6/10/22,VR2W-137351,A69-1602-48462,,,,,13,,
6/10/22 12:04,6/10/22,VR2W-137351,A69-1602-48462,,,,,13,,
6/10/22 12:05,6/10/22,VR2W-137351,A69-1602-48462,,,,,13,,
6/10/22 12:05,6/10/22,VR2W-137351,A69-1602-48462,,,,,13,,
6/10/22 12:06,6/10/22,VR2W-137351,A69-1602-48462,,,,,13,,
6/10/22 12:07,6/10/22,VR2W-137351,A69-1602-48462,,,,,13,,
6/10/22 12:07,6/10/22,VR2W-137351,A69-1602-48462,,,,,13,,
6/10/22 12:08,6/10/22,VR2W-137351,A69-1602-48462,,,,,13,,
6/10/22 21:54,6/10/22,VR2W-137351,A69-1602-48478,,,,,13,,
6/10/22 21:55,6/10/22,VR2W-137351,A69-1602-48478,,,,,13,,
6/10/22 21:55,6/10/22,VR2W-137351,A69-1602-48478,,,,,13,,
6/10/22 21:56,6/10/22,VR2W-137351,A69-1602-48478,,,,,13,,
6/10/22 21:57,6/10/22,VR2W-137351,A69-1602-48478,,,,,13,,
6/10/22 22:40,6/10/22,VR2W-137351,A69-1602-48478,,,,,13,,
6/10/22 22:41,6/10/22,VR2W-137351,A69-1602-48478,,,,,13,,
6/10/22 22:42,6/10/22,VR2W-137351,A69-1602-48478,,,,,13,,
6/10/22 22:42,6/10/22,VR2W-137351,A69-1602-48478,,,,,13,,
6/10/22 22:43,6/10/22,VR2W-137351,A69-1602-48478,,,,,13,,
6/10/22 22:44,6/10/22,VR2W-137351,A69-1602-48478,,,,,13,,
6/10/22 22:45,6/10/22,VR2W-137351,A69-1602-48478,,,,,13,,
6/10/22 22:46,6/10/22,VR2W-137351,A69-1602-48478,,,,,13,,
6/10/22 22:47,6/10/22,VR2W-137351,A69-1602-48478,,,,,13,,
6/10/22 22:48,6/10/22,VR2W-137351,A69-1602-48478,,,,,13,,
6/10/22 22:49,6/10/22,VR2W-137351,A69-1602-48478,,,,,13,,
6/10/22 22:50,6/10/22,VR2W-137351,A69-1602-48478,,,,,13,,
6/10/22 22:51,6/10/22,VR2W-137351,A69-1602-48478,,,,,13,,
6/10/22 22:52,6/10/22,VR2W-137351,A69-1602-48478,,,,,13,,
6/10/22 22:53,6/10/22,VR2W-137351,A69-1602-48478,,,,,13,,
6/15/22 4:31,6/15/22,VR2W-137351,A69-1602-52929,,,,,13,,
6/15/22 4:33,6/15/22,VR2W-137351,A69-1602-52929,,,,,13,,
6/15/22 4:34,6/15/22,VR2W-137351,A69-1602-52929,,,,,13,,
6/15/22 4:35,6/15/22,VR2W-137351,A69-1602-52929,,,,,13,,
6/15/22 4:35,6/15/22,VR2W-137351,A69-1602-52929,,,,,13,,
6/15/22 4:36,6/15/22,VR2W-137351,A69-1602-52929,,,,,13,,
6/15/22 4:37,6/15/22,VR2W-137351,A69-1602-52929,,,,,13,,
6/15/22 4:38,6/15/22,VR2W-137351,A69-1602-52929,,,,,13,,
6/15/22 4:39,6/15/22,VR2W-137351,A69-1602-52929,,,,,13,,
6/15/22 4:39,6/15/22,VR2W-137351,A69-1602-52929,,,,,13,,
6/15/22 4:40,6/15/22,VR2W-137351,A69-1602-52929,,,,,13,,
6/15/22 4:41,6/15/22,VR2W-137351,A69-1602-52929,,,,,13,,
6/15/22 4:42,6/15/22,VR2W-137351,A69-1602-52929,,,,,13,,
6/15/22 4:43,6/15/22,VR2W-137351,A69-1602-52929,,,,,13,,
6/15/22 4:44,6/15/22,VR2W-137351,A69-1602-52929,,,,,13,,
6/15/22 4:44,6/15/22,VR2W-137351,A69-1602-52929,,,,,13,,
6/15/22 4:47,6/15/22,VR2W-137351,A69-1602-52929,,,,,13,,
6/16/22 16:03,6/16/22,VR2W-137351,A69-1602-48727,,,,,13,,
6/16/22 16:04,6/16/22,VR2W-137351,A69-1602-48727,,,,,13,,
6/16/22 16:05,6/16/22,VR2W-137351,A69-1602-48727,,,,,13,,
6/16/22 16:06,6/16/22,VR2W-137351,A69-1602-48727,,,,,13,,
6/16/22 16:06,6/16/22,VR2W-137351,A69-1602-48727,,,,,13,,
6/16/22 16:07,6/16/22,VR2W-137351,A69-1602-48727,,,,,13,,
6/16/22 16:08,6/16/22,VR2W-137351,A69-1602-48727,,,,,13,,
6/16/22 16:09,6/16/22,VR2W-137351,A69-1602-48727,,,,,13,,
6/16/22 16:10,6/16/22,VR2W-137351,A69-1602-48727,,,,,13,,
6/16/22 16:10,6/16/22,VR2W-137351,A69-1602-48727,,,,,13,,
6/16/22 16:11,6/16/22,VR2W-137351,A69-1602-48727,,,,,13,,
6/16/22 16:12,6/16/22,VR2W-137351,A69-1602-48727,,,,,13,,
6/16/22 16:12,6/16/22,VR2W-137351,A69-1602-48727,,,,,13,,
6/16/22 16:13,6/16/22,VR2W-137351,A69-1602-48727,,,,,13,,
6/16/22 16:14,6/16/22,VR2W-137351,A69-1602-48727,,,,,13,,
6/16/22 16:15,6/16/22,VR2W-137351,A69-1602-48727,,,,,13,,
6/16/22 22:55,6/16/22,VR2W-137351,A69-1602-48725,,,,,13,,
6/16/22 22:56,6/16/22,VR2W-137351,A69-1602-48725,,,,,13,,
6/16/22 22:57,6/16/22,VR2W-137351,A69-1602-48725,,,,,13,,
6/16/22 22:57,6/16/22,VR2W-137351,A69-1602-48725,,,,,13,,
6/16/22 22:58,6/16/22,VR2W-137351,A69-1602-48725,,,,,13,,
6/16/22 22:59,6/16/22,VR2W-137351,A69-1602-48725,,,,,13,,
6/16/22 23:00,6/16/22,VR2W-137351,A69-1602-48725,,,,,13,,
6/16/22 23:01,6/16/22,VR2W-137351,A69-1602-48725,,,,,13,,
6/16/22 23:02,6/16/22,VR2W-137351,A69-1602-48725,,,,,13,,
6/16/22 23:03,6/16/22,VR2W-137351,A69-1602-48725,,,,,13,,
6/16/22 23:03,6/16/22,VR2W-137351,A69-1602-48725,,,,,13,,
6/16/22 23:04,6/16/22,VR2W-137351,A69-1602-48725,,,,,13,,
6/16/22 23:04,6/16/22,VR2W-137351,A69-1602-48725,,,,,13,,
6/16/22 23:05,6/16/22,VR2W-137351,A69-1602-48725,,,,,13,,
6/16/22 23:06,6/16/22,VR2W-137351,A69-1602-48725,,,,,13,,
6/16/22 23:08,6/16/22,VR2W-137351,A69-1602-48725,,,,,13,,
6/17/22 9:09,6/17/22,VR2W-137351,A69-1602-48733,,,,,13,,
6/17/22 9:11,6/17/22,VR2W-137351,A69-1602-48733,,,,,13,,
6/17/22 9:12,6/17/22,VR2W-137351,A69-1602-48733,,,,,13,,
6/17/22 9:13,6/17/22,VR2W-137351,A69-1602-48733,,,,,13,,
6/17/22 9:14,6/17/22,VR2W-137351,A69-1602-48733,,,,,13,,
6/17/22 9:15,6/17/22,VR2W-137351,A69-1602-48733,,,,,13,,
6/17/22 9:16,6/17/22,VR2W-137351,A69-1602-48733,,,,,13,,
6/17/22 9:16,6/17/22,VR2W-137351,A69-1602-48733,,,,,13,,
6/17/22 9:17,6/17/22,VR2W-137351,A69-1602-48733,,,,,13,,
6/17/22 9:18,6/17/22,VR2W-137351,A69-1602-48733,,,,,13,,
6/17/22 9:21,6/17/22,VR2W-137351,A69-1602-48733,,,,,13,,
6/17/22 9:24,6/17/22,VR2W-137351,A69-1602-48733,,,,,13,,
6/17/22 20:26,6/17/22,VR2W-137351,A69-1602-48491,,,,,13,,
6/17/22 20:27,6/17/22,VR2W-137351,A69-1602-48491,,,,,13,,
6/17/22 20:27,6/17/22,VR2W-137351,A69-1602-48491,,,,,13,,
6/17/22 20:28,6/17/22,VR2W-137351,A69-1602-48491,,,,,13,,
6/17/22 20:29,6/17/22,VR2W-137351,A69-1602-48491,,,,,13,,
6/17/22 20:30,6/17/22,VR2W-137351,A69-1602-48491,,,,,13,,
6/17/22 20:31,6/17/22,VR2W-137351,A69-1602-48491,,,,,13,,
6/17/22 20:32,6/17/22,VR2W-137351,A69-1602-48491,,,,,13,,
6/17/22 20:33,6/17/22,VR2W-137351,A69-1602-48491,,,,,13,,
6/17/22 20:33,6/17/22,VR2W-137351,A69-1602-48491,,,,,13,,
6/17/22 20:34,6/17/22,VR2W-137351,A69-1602-48491,,,,,13,,
6/17/22 20:35,6/17/22,VR2W-137351,A69-1602-48491,,,,,13,,
6/17/22 20:35,6/17/22,VR2W-137351,A69-1602-48491,,,,,13,,
6/17/22 20:36,6/17/22,VR2W-137351,A69-1602-48491,,,,,13,,
6/17/22 20:37,6/17/22,VR2W-137351,A69-1602-48491,,,,,13,,
6/19/22 2:00,6/19/22,VR2W-137351,A69-1602-48478,,,,,13,,
6/19/22 2:00,6/19/22,VR2W-137351,A69-1602-48478,,,,,13,,
6/19/22 2:03,6/19/22,VR2W-137351,A69-1602-48478,,,,,13,,
6/19/22 2:04,6/19/22,VR2W-137351,A69-1602-48478,,,,,13,,
6/19/22 2:05,6/19/22,VR2W-137351,A69-1602-48478,,,,,13,,
6/19/22 2:06,6/19/22,VR2W-137351,A69-1602-48478,,,,,13,,
6/19/22 2:07,6/19/22,VR2W-137351,A69-1602-48478,,,,,13,,
6/19/22 2:08,6/19/22,VR2W-137351,A69-1602-48478,,,,,13,,
6/19/22 2:09,6/19/22,VR2W-137351,A69-1602-48478,,,,,13,,
6/19/22 2:09,6/19/22,VR2W-137351,A69-1602-48478,,,,,13,,
6/19/22 2:10,6/19/22,VR2W-137351,A69-1602-48478,,,,,13,,
6/21/22 9:56,6/21/22,VR2W-137351,A69-1602-48453,,,,,13,,
6/21/22 9:57,6/21/22,VR2W-137351,A69-1602-48453,,,,,13,,
6/21/22 9:58,6/21/22,VR2W-137351,A69-1602-48453,,,,,13,,
6/21/22 9:59,6/21/22,VR2W-137351,A69-1602-48453,,,,,13,,
6/21/22 10:00,6/21/22,VR2W-137351,A69-1602-48453,,,,,13,,
6/21/22 10:00,6/21/22,VR2W-137351,A69-1602-48453,,,,,13,,
6/21/22 10:01,6/21/22,VR2W-137351,A69-1602-48453,,,,,13,,
6/21/22 10:02,6/21/22,VR2W-137351,A69-1602-48453,,,,,13,,
6/21/22 10:03,6/21/22,VR2W-137351,A69-1602-48453,,,,,13,,
6/21/22 10:04,6/21/22,VR2W-137351,A69-1602-48453,,,,,13,,
6/21/22 10:05,6/21/22,VR2W-137351,A69-1602-48453,,,,,13,,
6/25/22 3:18,6/25/22,VR2W-137351,A69-1602-52893,,,,,13,,
6/25/22 3:18,6/25/22,VR2W-137351,A69-1602-52893,,,,,13,,
6/25/22 3:19,6/25/22,VR2W-137351,A69-1602-52893,,,,,13,,
6/25/22 3:20,6/25/22,VR2W-137351,A69-1602-52893,,,,,13,,
6/25/22 3:20,6/25/22,VR2W-137351,A69-1602-52893,,,,,13,,
6/25/22 3:21,6/25/22,VR2W-137351,A69-1602-52893,,,,,13,,
6/25/22 3:22,6/25/22,VR2W-137351,A69-1602-52893,,,,,13,,
6/25/22 3:23,6/25/22,VR2W-137351,A69-1602-52893,,,,,13,,
6/25/22 3:23,6/25/22,VR2W-137351,A69-1602-52893,,,,,13,,
6/25/22 3:24,6/25/22,VR2W-137351,A69-1602-52893,,,,,13,,
6/25/22 3:25,6/25/22,VR2W-137351,A69-1602-52893,,,,,13,,
6/25/22 3:26,6/25/22,VR2W-137351,A69-1602-52893,,,,,13,,
6/25/22 3:27,6/25/22,VR2W-137351,A69-1602-52893,,,,,13,,
6/25/22 3:28,6/25/22,VR2W-137351,A69-1602-52893,,,,,13,,
6/25/22 3:29,6/25/22,VR2W-137351,A69-1602-52893,,,,,13,,
7/4/22 1:10,7/4/22,VR2W-137351,A69-1602-48728,,,,,13,,
7/4/22 1:11,7/4/22,VR2W-137351,A69-1602-48728,,,,,13,,
7/4/22 1:12,7/4/22,VR2W-137351,A69-1602-48728,,,,,13,,
7/4/22 1:14,7/4/22,VR2W-137351,A69-1602-48728,,,,,13,,
7/4/22 1:15,7/4/22,VR2W-137351,A69-1602-48728,,,,,13,,
7/4/22 1:16,7/4/22,VR2W-137351,A69-1602-48728,,,,,13,,
7/4/22 1:17,7/4/22,VR2W-137351,A69-1602-48728,,,,,13,,
7/4/22 1:18,7/4/22,VR2W-137351,A69-1602-48728,,,,,13,,
7/4/22 1:19,7/4/22,VR2W-137351,A69-1602-48728,,,,,13,,
7/4/22 1:20,7/4/22,VR2W-137351,A69-1602-48728,,,,,13,,
7/4/22 1:20,7/4/22,VR2W-137351,A69-1602-48728,,,,,13,,
7/4/22 1:22,7/4/22,VR2W-137351,A69-1602-48728,,,,,13,,
7/4/22 1:23,7/4/22,VR2W-137351,A69-1602-48728,,,,,13,,
8/1/22 22:26,8/1/22,VR2W-137351,A69-1602-48466,,,,,13,,
8/1/22 22:28,8/1/22,VR2W-137351,A69-1602-48466,,,,,13,,
8/1/22 22:28,8/1/22,VR2W-137351,A69-1602-48466,,,,,13,,
8/1/22 22:29,8/1/22,VR2W-137351,A69-1602-48466,,,,,13,,
8/1/22 22:30,8/1/22,VR2W-137351,A69-1602-48466,,,,,13,,
8/1/22 22:30,8/1/22,VR2W-137351,A69-1602-48466,,,,,13,,
8/1/22 22:31,8/1/22,VR2W-137351,A69-1602-48466,,,,,13,,
8/1/22 22:32,8/1/22,VR2W-137351,A69-1602-48466,,,,,13,,
8/1/22 22:32,8/1/22,VR2W-137351,A69-1602-48466,,,,,13,,
8/1/22 22:33,8/1/22,VR2W-137351,A69-1602-48466,,,,,13,,
8/18/22 14:48,8/18/22,VR2W-137351,A69-1602-48730,,,,,13,,
8/18/22 14:48,8/18/22,VR2W-137351,A69-1602-48730,,,,,13,,
8/18/22 14:50,8/18/22,VR2W-137351,A69-1602-48730,,,,,13,,
8/18/22 14:52,8/18/22,VR2W-137351,A69-1602-48730,,,,,13,,
8/18/22 14:52,8/18/22,VR2W-137351,A69-1602-48730,,,,,13,,
8/18/22 14:53,8/18/22,VR2W-137351,A69-1602-48730,,,,,13,,
8/18/22 14:54,8/18/22,VR2W-137351,A69-1602-48730,,,,,13,,
8/18/22 14:55,8/18/22,VR2W-137351,A69-1602-48730,,,,,13,,
8/18/22 14:56,8/18/22,VR2W-137351,A69-1602-48730,,,,,13,,
8/18/22 14:56,8/18/22,VR2W-137351,A69-1602-48730,,,,,13,,
8/18/22 14:57,8/18/22,VR2W-137351,A69-1602-48730,,,,,13,,
8/18/22 14:58,8/18/22,VR2W-137351,A69-1602-48730,,,,,13,,
8/18/22 14:58,8/18/22,VR2W-137351,A69-1602-48730,,,,,13,,
8/18/22 15:00,8/18/22,VR2W-137351,A69-1602-48730,,,,,13,,
8/18/22 15:02,8/18/22,VR2W-137351,A69-1602-48730,,,,,13,,
8/18/22 15:04,8/18/22,VR2W-137351,A69-1602-48730,,,,,13,,
8/20/22 15:14,8/20/22,VR2W-137351,A69-1602-48731,,,,,13,,
8/20/22 15:14,8/20/22,VR2W-137351,A69-1602-48731,,,,,13,,
8/20/22 15:15,8/20/22,VR2W-137351,A69-1602-48731,,,,,13,,
8/20/22 15:16,8/20/22,VR2W-137351,A69-1602-48731,,,,,13,,
8/20/22 15:16,8/20/22,VR2W-137351,A69-1602-48731,,,,,13,,
8/20/22 15:17,8/20/22,VR2W-137351,A69-1602-48731,,,,,13,,
8/20/22 15:21,8/20/22,VR2W-137351,A69-1602-48731,,,,,13,,